{
    "lr": 0.0005415410166905705,
    "dropout": 0.4679824398534002,
    "weight_decay": 3.197955945491486e-05,
    "d_layers": [
        256,
        64,
        64,
        64,
        64,
        64,
        256
    ]
}
