{
    "lr": 0.004546442922463328,
    "dropout": 0.0,
    "weight_decay": 0.0053032038994327325,
    "d_layers": [
        1024,
        64
    ]
}
