{
    "lr": 0.002767902811146155,
    "dropout": 0.3070051625702231,
    "weight_decay": 0.0035822799845650188,
    "d_layers": [
        1024,
        64,
        64,
        64,
        1024
    ]
}
