{
    "learning_rate": 0.047987182458238985,
    "depth": 7,
    "l2_leaf_reg": 3.9932865877895276,
    "bagging_temperature": 0.3053743080821207,
    "leaf_estimation_iterations": 10,
    "iterations": 3000,
    "early_stopping_rounds": 50,
    "od_pval": 0.001,
    "task_type": "CPU",
    "thread_count": 4,
    "cat_features": [
        17,
        18,
        19
    ]
}
